"filename", "language", "JavaScript", "Objective-C", "JSON", "XML", "C++", "JavaScript React", "Markdown", "CSS", "YAML", "Shell Script", "Groovy", "Properties", "Batch", "Java", "comment", "blank", "total"
"c:\dev\repos\ZanysoundApp\.eslintrc.js", "JavaScript", 4, 0, 0, 0, 0, 0, 0, 0, 0, 0, 0, 0, 0, 0, 0, 1, 5
"c:\dev\repos\ZanysoundApp\.prettierrc.js", "JavaScript", 6, 0, 0, 0, 0, 0, 0, 0, 0, 0, 0, 0, 0, 0, 0, 1, 7
"c:\dev\repos\ZanysoundApp\.watchmanconfig", "JSON", 0, 0, 1, 0, 0, 0, 0, 0, 0, 0, 0, 0, 0, 0, 0, 0, 1
"c:\dev\repos\ZanysoundApp\App.js", "JavaScript", 129, 0, 0, 0, 0, 0, 0, 0, 0, 0, 0, 0, 0, 0, 3, 12, 144
"c:\dev\repos\ZanysoundApp\__tests__\App-test.js", "JavaScript", 7, 0, 0, 0, 0, 0, 0, 0, 0, 0, 0, 0, 0, 0, 4, 4, 15
"c:\dev\repos\ZanysoundApp\android\app\build.gradle", "Groovy", 0, 0, 0, 0, 0, 0, 0, 0, 0, 0, 89, 0, 0, 0, 111, 21, 221
"c:\dev\repos\ZanysoundApp\android\app\release\output.json", "JSON", 0, 0, 1, 0, 0, 0, 0, 0, 0, 0, 0, 0, 0, 0, 0, 0, 1
"c:\dev\repos\ZanysoundApp\android\app\src\debug\AndroidManifest.xml", "XML", 0, 0, 0, 7, 0, 0, 0, 0, 0, 0, 0, 0, 0, 0, 0, 3, 10
"c:\dev\repos\ZanysoundApp\android\app\src\debug\java\com\zanysoundapp\ReactNativeFlipper.java", "Java", 0, 0, 0, 0, 0, 0, 0, 0, 0, 0, 0, 0, 0, 59, 8, 6, 73
"c:\dev\repos\ZanysoundApp\android\app\src\main\AndroidManifest.xml", "XML", 0, 0, 0, 19, 0, 0, 0, 0, 0, 0, 0, 0, 0, 0, 0, 0, 19
"c:\dev\repos\ZanysoundApp\android\app\src\main\java\com\zanysoundapp\MainActivity.java", "Java", 0, 0, 0, 0, 0, 0, 0, 0, 0, 0, 0, 0, 0, 8, 4, 4, 16
"c:\dev\repos\ZanysoundApp\android\app\src\main\java\com\zanysoundapp\MainApplication.java", "Java", 0, 0, 0, 0, 0, 0, 0, 0, 0, 0, 0, 0, 0, 66, 13, 10, 89
"c:\dev\repos\ZanysoundApp\android\app\src\main\res\values\strings.xml", "XML", 0, 0, 0, 4, 0, 0, 0, 0, 0, 0, 0, 0, 0, 0, 0, 1, 5
"c:\dev\repos\ZanysoundApp\android\app\src\main\res\values\styles.xml", "XML", 0, 0, 0, 6, 0, 0, 0, 0, 0, 0, 0, 0, 0, 0, 2, 4, 12
"c:\dev\repos\ZanysoundApp\android\build.gradle", "Groovy", 0, 0, 0, 0, 0, 0, 0, 0, 0, 0, 29, 0, 0, 0, 5, 4, 38
"c:\dev\repos\ZanysoundApp\android\gradle.properties", "Properties", 0, 0, 0, 0, 0, 0, 0, 0, 0, 0, 0, 3, 0, 0, 19, 6, 28
"c:\dev\repos\ZanysoundApp\android\gradle\wrapper\gradle-wrapper.properties", "Properties", 0, 0, 0, 0, 0, 0, 0, 0, 0, 0, 0, 5, 0, 0, 0, 1, 6
"c:\dev\repos\ZanysoundApp\android\gradlew.bat", "Batch", 0, 0, 0, 0, 0, 0, 0, 0, 0, 0, 0, 0, 78, 0, 0, 26, 104
"c:\dev\repos\ZanysoundApp\android\settings.gradle", "Groovy", 0, 0, 0, 0, 0, 0, 0, 0, 0, 0, 8, 0, 0, 0, 0, 1, 9
"c:\dev\repos\ZanysoundApp\app.json", "JSON", 0, 0, 4, 0, 0, 0, 0, 0, 0, 0, 0, 0, 0, 0, 0, 1, 5
"c:\dev\repos\ZanysoundApp\assets\fonts\Montserrat\stylesheet.css", "CSS", 0, 0, 0, 0, 0, 0, 0, 81, 0, 0, 0, 0, 0, 0, 0, 9, 90
"c:\dev\repos\ZanysoundApp\assets\fonts\fontawesome\css\all.css", "CSS", 0, 0, 0, 0, 0, 0, 0, 8542, 0, 0, 0, 0, 0, 0, 6, 4202, 12750
"c:\dev\repos\ZanysoundApp\assets\fonts\fontawesome\css\all.min.css", "CSS", 0, 0, 0, 0, 0, 0, 0, 1, 0, 0, 0, 0, 0, 0, 4, 0, 5
"c:\dev\repos\ZanysoundApp\assets\fonts\fontawesome\css\brands.css", "CSS", 0, 0, 0, 0, 0, 0, 0, 10, 0, 0, 0, 0, 0, 0, 4, 2, 16
"c:\dev\repos\ZanysoundApp\assets\fonts\fontawesome\css\brands.min.css", "CSS", 0, 0, 0, 0, 0, 0, 0, 1, 0, 0, 0, 0, 0, 0, 4, 0, 5
"c:\dev\repos\ZanysoundApp\assets\fonts\fontawesome\css\duotone.css", "CSS", 0, 0, 0, 0, 0, 0, 0, 3740, 0, 0, 0, 0, 0, 0, 4, 1860, 5604
"c:\dev\repos\ZanysoundApp\assets\fonts\fontawesome\css\duotone.min.css", "CSS", 0, 0, 0, 0, 0, 0, 0, 1, 0, 0, 0, 0, 0, 0, 4, 0, 5
"c:\dev\repos\ZanysoundApp\assets\fonts\fontawesome\css\fontawesome.css", "CSS", 0, 0, 0, 0, 0, 0, 0, 4761, 0, 0, 0, 0, 0, 0, 6, 2339, 7106
"c:\dev\repos\ZanysoundApp\assets\fonts\fontawesome\css\fontawesome.min.css", "CSS", 0, 0, 0, 0, 0, 0, 0, 1, 0, 0, 0, 0, 0, 0, 4, 0, 5
"c:\dev\repos\ZanysoundApp\assets\fonts\fontawesome\css\light.css", "CSS", 0, 0, 0, 0, 0, 0, 0, 10, 0, 0, 0, 0, 0, 0, 4, 2, 16
"c:\dev\repos\ZanysoundApp\assets\fonts\fontawesome\css\light.min.css", "CSS", 0, 0, 0, 0, 0, 0, 0, 1, 0, 0, 0, 0, 0, 0, 4, 0, 5
"c:\dev\repos\ZanysoundApp\assets\fonts\fontawesome\css\regular.css", "CSS", 0, 0, 0, 0, 0, 0, 0, 10, 0, 0, 0, 0, 0, 0, 4, 2, 16
"c:\dev\repos\ZanysoundApp\assets\fonts\fontawesome\css\regular.min.css", "CSS", 0, 0, 0, 0, 0, 0, 0, 1, 0, 0, 0, 0, 0, 0, 4, 0, 5
"c:\dev\repos\ZanysoundApp\assets\fonts\fontawesome\css\solid.css", "CSS", 0, 0, 0, 0, 0, 0, 0, 11, 0, 0, 0, 0, 0, 0, 4, 2, 17
"c:\dev\repos\ZanysoundApp\assets\fonts\fontawesome\css\solid.min.css", "CSS", 0, 0, 0, 0, 0, 0, 0, 1, 0, 0, 0, 0, 0, 0, 4, 0, 5
"c:\dev\repos\ZanysoundApp\assets\fonts\fontawesome\css\svg-with-js.css", "CSS", 0, 0, 0, 0, 0, 0, 0, 312, 0, 0, 0, 0, 0, 0, 4, 56, 372
"c:\dev\repos\ZanysoundApp\assets\fonts\fontawesome\css\svg-with-js.min.css", "CSS", 0, 0, 0, 0, 0, 0, 0, 1, 0, 0, 0, 0, 0, 0, 4, 0, 5
"c:\dev\repos\ZanysoundApp\assets\fonts\fontawesome\css\v4-shims.css", "CSS", 0, 0, 0, 0, 0, 0, 0, 1556, 0, 0, 0, 0, 0, 0, 4, 613, 2173
"c:\dev\repos\ZanysoundApp\assets\fonts\fontawesome\css\v4-shims.min.css", "CSS", 0, 0, 0, 0, 0, 0, 0, 1, 0, 0, 0, 0, 0, 0, 4, 0, 5
"c:\dev\repos\ZanysoundApp\assets\fonts\fontawesome\metadata\categories.yml", "YAML", 0, 0, 0, 0, 0, 0, 0, 0, 4086, 0, 0, 0, 0, 0, 0, 1, 4087
"c:\dev\repos\ZanysoundApp\assets\fonts\fontawesome\metadata\icons.json", "JSON", 0, 0, 172069, 0, 0, 0, 0, 0, 0, 0, 0, 0, 0, 0, 0, 0, 172069
"c:\dev\repos\ZanysoundApp\assets\fonts\fontawesome\metadata\icons.yml", "YAML", 0, 0, 0, 0, 0, 0, 0, 0, 41070, 0, 0, 0, 0, 0, 0, 1, 41071
"c:\dev\repos\ZanysoundApp\assets\fonts\fontawesome\metadata\shims.json", "JSON", 0, 0, 2317, 0, 0, 0, 0, 0, 0, 0, 0, 0, 0, 0, 0, 0, 2317
"c:\dev\repos\ZanysoundApp\assets\fonts\fontawesome\metadata\shims.yml", "YAML", 0, 0, 0, 0, 0, 0, 0, 0, 298, 0, 0, 0, 0, 0, 0, 1, 299
"c:\dev\repos\ZanysoundApp\assets\fonts\fontawesome\metadata\sponsors.yml", "YAML", 0, 0, 0, 0, 0, 0, 0, 0, 796, 0, 0, 0, 0, 0, 0, 1, 797
"c:\dev\repos\ZanysoundApp\assets\fonts\fontawesome\webfonts\fa-brands-400.svg", "XML", 0, 0, 0, 3633, 0, 0, 0, 0, 0, 0, 0, 0, 0, 0, 4, 1, 3638
"c:\dev\repos\ZanysoundApp\assets\fonts\fontawesome\webfonts\fa-duotone-900.svg", "XML", 0, 0, 0, 15295, 0, 0, 0, 0, 0, 0, 0, 0, 0, 0, 4, 1, 15300
"c:\dev\repos\ZanysoundApp\assets\fonts\fontawesome\webfonts\fa-light-300.svg", "XML", 0, 0, 0, 12393, 0, 0, 0, 0, 0, 0, 0, 0, 0, 0, 4, 1, 12398
"c:\dev\repos\ZanysoundApp\assets\fonts\fontawesome\webfonts\fa-regular-400.svg", "XML", 0, 0, 0, 11295, 0, 0, 0, 0, 0, 0, 0, 0, 0, 0, 4, 1, 11300
"c:\dev\repos\ZanysoundApp\assets\fonts\fontawesome\webfonts\fa-solid-900.svg", "XML", 0, 0, 0, 9630, 0, 0, 0, 0, 0, 0, 0, 0, 0, 0, 4, 1, 9635
"c:\dev\repos\ZanysoundApp\babel.config.js", "JavaScript", 3, 0, 0, 0, 0, 0, 0, 0, 0, 0, 0, 0, 0, 0, 0, 1, 4
"c:\dev\repos\ZanysoundApp\index.js", "JavaScript", 7, 0, 0, 0, 0, 0, 0, 0, 0, 0, 0, 0, 0, 0, 3, 2, 12
"c:\dev\repos\ZanysoundApp\ios\ZanysoundAppTests\ZanysoundAppTests.m", "Objective-C", 0, 51, 0, 0, 0, 0, 0, 0, 0, 0, 0, 0, 0, 0, 0, 15, 66
"c:\dev\repos\ZanysoundApp\ios\ZanysoundApp\AppDelegate.h", "C++", 0, 0, 0, 0, 5, 0, 0, 0, 0, 0, 0, 0, 0, 0, 0, 4, 9
"c:\dev\repos\ZanysoundApp\ios\ZanysoundApp\AppDelegate.m", "Objective-C", 0, 48, 0, 0, 0, 0, 0, 0, 0, 0, 0, 0, 0, 0, 0, 11, 59
"c:\dev\repos\ZanysoundApp\ios\ZanysoundApp\Images.xcassets\AppIcon.appiconset\Contents.json", "JSON", 0, 0, 38, 0, 0, 0, 0, 0, 0, 0, 0, 0, 0, 0, 0, 0, 38
"c:\dev\repos\ZanysoundApp\ios\ZanysoundApp\Images.xcassets\Contents.json", "JSON", 0, 0, 6, 0, 0, 0, 0, 0, 0, 0, 0, 0, 0, 0, 0, 1, 7
"c:\dev\repos\ZanysoundApp\ios\ZanysoundApp\LaunchScreen.storyboard", "XML", 0, 0, 0, 57, 0, 0, 0, 0, 0, 0, 0, 0, 0, 0, 1, 1, 59
"c:\dev\repos\ZanysoundApp\ios\ZanysoundApp\main.m", "Objective-C", 0, 7, 0, 0, 0, 0, 0, 0, 0, 0, 0, 0, 0, 0, 0, 3, 10
"c:\dev\repos\ZanysoundApp\metro.config.js", "JavaScript", 10, 0, 0, 0, 0, 0, 0, 0, 0, 0, 0, 0, 0, 0, 6, 2, 18
"c:\dev\repos\ZanysoundApp\package-lock.json", "JSON", 0, 0, 24391, 0, 0, 0, 0, 0, 0, 0, 0, 0, 0, 0, 0, 1, 24392
"c:\dev\repos\ZanysoundApp\package.json", "JSON", 0, 0, 58, 0, 0, 0, 0, 0, 0, 0, 0, 0, 0, 0, 0, 1, 59
"c:\dev\repos\ZanysoundApp\service.js", "JavaScript", 4, 0, 0, 0, 0, 0, 0, 0, 0, 0, 0, 0, 0, 0, 1, 2, 7
"c:\dev\repos\ZanysoundApp\src\api\DeezerApi.js", "JavaScript", 104, 0, 0, 0, 0, 0, 0, 0, 0, 0, 0, 0, 0, 0, 0, 21, 125
"c:\dev\repos\ZanysoundApp\src\auth\DeezerAuth.js", "JavaScript", 112, 0, 0, 0, 0, 0, 0, 0, 0, 0, 0, 0, 0, 0, 7, 25, 144
"c:\dev\repos\ZanysoundApp\src\components\AddToPlaylistButton.js", "JavaScript", 34, 0, 0, 0, 0, 0, 0, 0, 0, 0, 0, 0, 0, 0, 0, 5, 39
"c:\dev\repos\ZanysoundApp\src\components\AddToPlaylistModal.js", "JavaScript", 165, 0, 0, 0, 0, 0, 0, 0, 0, 0, 0, 0, 0, 0, 1, 14, 180
"c:\dev\repos\ZanysoundApp\src\components\AlbumCover.js", "JavaScript", 22, 0, 0, 0, 0, 0, 0, 0, 0, 0, 0, 0, 0, 0, 0, 3, 25
"c:\dev\repos\ZanysoundApp\src\components\Button.js", "JavaScript", 8, 0, 0, 0, 0, 0, 0, 0, 0, 0, 0, 0, 0, 0, 0, 3, 11
"c:\dev\repos\ZanysoundApp\src\components\ConfirmationModal.js", "JavaScript", 61, 0, 0, 0, 0, 0, 0, 0, 0, 0, 0, 0, 0, 0, 0, 9, 70
"c:\dev\repos\ZanysoundApp\src\components\Cover.js", "JavaScript", 161, 0, 0, 0, 0, 0, 0, 0, 0, 0, 0, 0, 0, 0, 0, 16, 177
"c:\dev\repos\ZanysoundApp\src\components\CustomText.js", "JavaScript", 53, 0, 0, 0, 0, 0, 0, 0, 0, 0, 0, 0, 0, 0, 0, 5, 58
"c:\dev\repos\ZanysoundApp\src\components\Icon.js", "JavaScript", 82, 0, 0, 0, 0, 0, 0, 0, 0, 0, 0, 0, 0, 0, 1, 9, 92
"c:\dev\repos\ZanysoundApp\src\components\LikeButton.js", "JavaScript", 37, 0, 0, 0, 0, 0, 0, 0, 0, 0, 0, 0, 0, 0, 0, 5, 42
"c:\dev\repos\ZanysoundApp\src\components\LoadingIndicator.js", "JavaScript", 33, 0, 0, 0, 0, 0, 0, 0, 0, 0, 0, 0, 0, 0, 0, 5, 38
"c:\dev\repos\ZanysoundApp\src\components\Modal.js", "JavaScript", 80, 0, 0, 0, 0, 0, 0, 0, 0, 0, 0, 0, 0, 0, 0, 7, 87
"c:\dev\repos\ZanysoundApp\src\components\ModalWindowSystem.js", "JavaScript", 46, 0, 0, 0, 0, 0, 0, 0, 0, 0, 0, 0, 0, 0, 4, 9, 59
"c:\dev\repos\ZanysoundApp\src\components\Navigation.js", "JavaScript", 65, 0, 0, 0, 0, 0, 0, 0, 0, 0, 0, 0, 0, 0, 2, 7, 74
"c:\dev\repos\ZanysoundApp\src\components\NewPlaylistButtonCover.js", "JavaScript", 30, 0, 0, 0, 0, 0, 0, 0, 0, 0, 0, 0, 0, 0, 0, 4, 34
"c:\dev\repos\ZanysoundApp\src\components\NewPlaylistModal.js", "JavaScript", 119, 0, 0, 0, 0, 0, 0, 0, 0, 0, 0, 0, 0, 0, 1, 14, 134
"c:\dev\repos\ZanysoundApp\src\components\OptionList\OptionList.js", "JavaScript", 18, 0, 0, 0, 0, 0, 0, 0, 0, 0, 0, 0, 0, 0, 0, 4, 22
"c:\dev\repos\ZanysoundApp\src\components\OptionList\OptionListItem.js", "JavaScript", 36, 0, 0, 0, 0, 0, 0, 0, 0, 0, 0, 0, 0, 0, 0, 4, 40
"c:\dev\repos\ZanysoundApp\src\components\OptionList\index.js", "JavaScript", 3, 0, 0, 0, 0, 0, 0, 0, 0, 0, 0, 0, 0, 0, 0, 2, 5
"c:\dev\repos\ZanysoundApp\src\components\PlayerPlaylistContainer\PlayerPlaylistContainerBG.js", "JavaScript", 35, 0, 0, 0, 0, 0, 0, 0, 0, 0, 0, 0, 0, 0, 8, 9, 52
"c:\dev\repos\ZanysoundApp\src\components\PlayerPlaylistContainer\index.js", "JavaScript", 143, 0, 0, 0, 0, 0, 0, 0, 0, 0, 0, 0, 0, 0, 19, 23, 185
"c:\dev\repos\ZanysoundApp\src\components\PlayerUI\PlayerUI.js", "JavaScript", 165, 0, 0, 0, 0, 0, 0, 0, 0, 0, 0, 0, 0, 0, 0, 11, 176
"c:\dev\repos\ZanysoundApp\src\components\PlayerUI\index.js", "JavaScript", 2, 0, 0, 0, 0, 0, 0, 0, 0, 0, 0, 0, 0, 0, 0, 2, 4
"c:\dev\repos\ZanysoundApp\src\components\Player\FullScreenPlayer.js", "JavaScript", 225, 0, 0, 0, 0, 0, 0, 0, 0, 0, 0, 0, 0, 0, 3, 9, 237
"c:\dev\repos\ZanysoundApp\src\components\Player\MiniPlayer.js", "JavaScript", 190, 0, 0, 0, 0, 0, 0, 0, 0, 0, 0, 0, 0, 0, 0, 14, 204
"c:\dev\repos\ZanysoundApp\src\components\Player\Player.js", "JavaScript", 202, 0, 0, 0, 0, 0, 0, 0, 0, 0, 0, 0, 0, 0, 6, 28, 236
"c:\dev\repos\ZanysoundApp\src\components\Player\PlayerProgressBar.js", "JavaScript", 147, 0, 0, 0, 0, 0, 0, 0, 0, 0, 0, 0, 0, 0, 1, 11, 159
"c:\dev\repos\ZanysoundApp\src\components\Player\index.js", "JavaScript", 2, 0, 0, 0, 0, 0, 0, 0, 0, 0, 0, 0, 0, 0, 0, 1, 3
"c:\dev\repos\ZanysoundApp\src\components\Playlist.js", "JavaScript", 60, 0, 0, 0, 0, 0, 0, 0, 0, 0, 0, 0, 0, 0, 0, 12, 72
"c:\dev\repos\ZanysoundApp\src\components\PlaylistCover.js", "JavaScript", 36, 0, 0, 0, 0, 0, 0, 0, 0, 0, 0, 0, 0, 0, 0, 7, 43
"c:\dev\repos\ZanysoundApp\src\components\PlaylistPreview.js", "JavaScript", 73, 0, 0, 0, 0, 0, 0, 0, 0, 0, 0, 0, 0, 0, 0, 5, 78
"c:\dev\repos\ZanysoundApp\src\components\PlaylistRemoveButton.js", "JavaScript", 47, 0, 0, 0, 0, 0, 0, 0, 0, 0, 0, 0, 0, 0, 1, 4, 52
"c:\dev\repos\ZanysoundApp\src\components\Playlists.js", "JavaScript", 124, 0, 0, 0, 0, 0, 0, 0, 0, 0, 0, 0, 0, 0, 0, 16, 140
"c:\dev\repos\ZanysoundApp\src\components\ScreenPlaceholder.js", "JavaScript", 30, 0, 0, 0, 0, 0, 0, 0, 0, 0, 0, 0, 0, 0, 0, 3, 33
"c:\dev\repos\ZanysoundApp\src\components\SongWithNavigation.js", "JavaScript", 8, 0, 0, 0, 0, 0, 0, 0, 0, 0, 0, 0, 0, 0, 0, 3, 11
"c:\dev\repos\ZanysoundApp\src\components\Song\index.js", "JavaScript", 248, 0, 0, 0, 0, 0, 0, 0, 0, 0, 0, 0, 0, 0, 1, 29, 278
"c:\dev\repos\ZanysoundApp\src\components\TrackCacheButton.js", "JavaScript", 106, 0, 0, 0, 0, 0, 0, 0, 0, 0, 0, 0, 0, 0, 0, 15, 121
"c:\dev\repos\ZanysoundApp\src\components\TrackModalWindow.js", "JavaScript", 63, 0, 0, 0, 0, 0, 0, 0, 0, 0, 0, 0, 0, 0, 4, 8, 75
"c:\dev\repos\ZanysoundApp\src\components\TrackModalWindowButton.js", "JavaScript", 28, 0, 0, 0, 0, 0, 0, 0, 0, 0, 0, 0, 0, 0, 0, 4, 32
"c:\dev\repos\ZanysoundApp\src\components\TrackSearchInput.js", "JavaScript", 105, 0, 0, 0, 0, 0, 0, 0, 0, 0, 0, 0, 0, 0, 3, 17, 125
"c:\dev\repos\ZanysoundApp\src\components\screens\CollectionScreen\CollectionScreen.js", "JavaScript", 71, 0, 0, 0, 0, 0, 0, 0, 0, 0, 0, 0, 0, 0, 0, 7, 78
"c:\dev\repos\ZanysoundApp\src\components\screens\CollectionScreen\CollectionScreenHeader.js", "JavaScript", 5, 0, 0, 0, 0, 0, 0, 0, 0, 0, 0, 0, 0, 0, 0, 3, 8
"c:\dev\repos\ZanysoundApp\src\components\screens\CollectionScreen\index.js", "JavaScript", 2, 0, 0, 0, 0, 0, 0, 0, 0, 0, 0, 0, 0, 0, 0, 1, 3
"c:\dev\repos\ZanysoundApp\src\components\screens\FavoritesScreen.js", "JavaScript", 72, 0, 0, 0, 0, 0, 0, 0, 0, 0, 0, 0, 0, 0, 23, 17, 112
"c:\dev\repos\ZanysoundApp\src\components\screens\ProfileScreen.js", "JavaScript", 86, 0, 0, 0, 0, 0, 0, 0, 0, 0, 0, 0, 0, 0, 1, 9, 96
"c:\dev\repos\ZanysoundApp\src\components\screens\RecommendedScreen.js", "JavaScript", 105, 0, 0, 0, 0, 0, 0, 0, 0, 0, 0, 0, 0, 0, 6, 17, 128
"c:\dev\repos\ZanysoundApp\src\components\screens\SearchScreen.js", "JavaScript", 148, 0, 0, 0, 0, 0, 0, 0, 0, 0, 0, 0, 0, 0, 1, 15, 164
"c:\dev\repos\ZanysoundApp\src\consts\URLConsts.js", "JavaScript", 4, 0, 0, 0, 0, 0, 0, 0, 0, 0, 0, 0, 0, 0, 0, 2, 6
"c:\dev\repos\ZanysoundApp\src\consts\timeContst.js", "JavaScript", 2, 0, 0, 0, 0, 0, 0, 0, 0, 0, 0, 0, 0, 0, 0, 1, 3
"c:\dev\repos\ZanysoundApp\src\consts\windowSizeConsts.js", "JavaScript", 12, 0, 0, 0, 0, 0, 0, 0, 0, 0, 0, 0, 0, 0, 0, 2, 14
"c:\dev\repos\ZanysoundApp\src\errors\FreeSpaceError.js", "JavaScript", 7, 0, 0, 0, 0, 0, 0, 0, 0, 0, 0, 0, 0, 0, 0, 2, 9
"c:\dev\repos\ZanysoundApp\src\errors\NetworkError.js", "JavaScript", 7, 0, 0, 0, 0, 0, 0, 0, 0, 0, 0, 0, 0, 0, 0, 2, 9
"c:\dev\repos\ZanysoundApp\src\helpers\FavoriteSongsHelper.js", "JavaScript", 218, 0, 0, 0, 0, 0, 0, 0, 0, 0, 0, 0, 0, 0, 5, 50, 273
"c:\dev\repos\ZanysoundApp\src\helpers\Mp3CacheHelper.js", "JavaScript", 136, 0, 0, 0, 0, 0, 0, 0, 0, 0, 0, 0, 0, 0, 7, 30, 173
"c:\dev\repos\ZanysoundApp\src\helpers\Mp3UrlHelper.js", "JavaScript", 17, 0, 0, 0, 0, 0, 0, 0, 0, 0, 0, 0, 0, 0, 1, 5, 23
"c:\dev\repos\ZanysoundApp\src\helpers\NetworkConnectionHelper.js", "JavaScript", 50, 0, 0, 0, 0, 0, 0, 0, 0, 0, 0, 0, 0, 0, 0, 15, 65
"c:\dev\repos\ZanysoundApp\src\helpers\PlaylistsHelper.js", "JavaScript", 322, 0, 0, 0, 0, 0, 0, 0, 0, 0, 0, 0, 0, 0, 3, 77, 402
"c:\dev\repos\ZanysoundApp\src\helpers\RecommendedSongsHelper.js", "JavaScript", 99, 0, 0, 0, 0, 0, 0, 0, 0, 0, 0, 0, 0, 0, 0, 26, 125
"c:\dev\repos\ZanysoundApp\src\helpers\SearchHelper.js", "JavaScript", 106, 0, 0, 0, 0, 0, 0, 0, 0, 0, 0, 0, 0, 0, 0, 21, 127
"c:\dev\repos\ZanysoundApp\src\helpers\TrackCacheHelper.js", "JavaScript", 122, 0, 0, 0, 0, 0, 0, 0, 0, 0, 0, 0, 0, 0, 0, 22, 144
"c:\dev\repos\ZanysoundApp\src\helpers\UserHelper.js", "JavaScript", 90, 0, 0, 0, 0, 0, 0, 0, 0, 0, 0, 0, 0, 0, 0, 21, 111
"c:\dev\repos\ZanysoundApp\src\helpers\WindowHelper.js", "JavaScript", 16, 0, 0, 0, 0, 0, 0, 0, 0, 0, 0, 0, 0, 0, 0, 6, 22
"c:\dev\repos\ZanysoundApp\src\helpers\YoutubeHelper.js", "JavaScript", 103, 0, 0, 0, 0, 0, 0, 0, 0, 0, 0, 0, 0, 0, 8, 19, 130
"c:\dev\repos\ZanysoundApp\src\hooks\useActive.js", "JavaScript", 24, 0, 0, 0, 0, 0, 0, 0, 0, 0, 0, 0, 0, 0, 0, 5, 29
"c:\dev\repos\ZanysoundApp\src\hooks\useAdaptiveRender.js", "JavaScript", 18, 0, 0, 0, 0, 0, 0, 0, 0, 0, 0, 0, 0, 0, 0, 6, 24
"c:\dev\repos\ZanysoundApp\src\hooks\useEventListener.js", "JavaScript", 17, 0, 0, 0, 0, 0, 0, 0, 0, 0, 0, 0, 0, 0, 0, 3, 20
"c:\dev\repos\ZanysoundApp\src\hooks\useForceUpdate.js", "JavaScript", 6, 0, 0, 0, 0, 0, 0, 0, 0, 0, 0, 0, 0, 0, 0, 3, 9
"c:\dev\repos\ZanysoundApp\src\hooks\useHover.js", "JavaScript", 22, 0, 0, 0, 0, 0, 0, 0, 0, 0, 0, 0, 0, 0, 0, 6, 28
"c:\dev\repos\ZanysoundApp\src\hooks\useInput.js", "JavaScript", 15, 0, 0, 0, 0, 0, 0, 0, 0, 0, 0, 0, 0, 0, 0, 3, 18
"c:\dev\repos\ZanysoundApp\src\hooks\useStopPropagation.js", "JavaScript", 10, 0, 0, 0, 0, 0, 0, 0, 0, 0, 0, 0, 0, 0, 0, 3, 13
"c:\dev\repos\ZanysoundApp\src\i18n\dictionary.json", "JSON", 0, 0, 192, 0, 0, 0, 0, 0, 0, 0, 0, 0, 0, 0, 0, 2, 194
"c:\dev\repos\ZanysoundApp\src\i18n\index.js", "JavaScript", 12, 0, 0, 0, 0, 0, 0, 0, 0, 0, 0, 0, 0, 0, 0, 5, 17
"c:\dev\repos\ZanysoundApp\src\lib\ytdl\README.md", "Markdown", 0, 0, 0, 0, 0, 0, 111, 0, 0, 0, 0, 0, 0, 0, 0, 54, 165
"c:\dev\repos\ZanysoundApp\src\lib\ytdl\__AUTO_PATCHER__\__REACT_NATIVE_YTDL_CUSTOM_FILES__\README.md", "Markdown", 0, 0, 0, 0, 0, 0, 111, 0, 0, 0, 0, 0, 0, 0, 0, 54, 165
"c:\dev\repos\ZanysoundApp\src\lib\ytdl\__AUTO_PATCHER__\__REACT_NATIVE_YTDL_CUSTOM_FILES__\index.js", "JavaScript", 2, 0, 0, 0, 0, 0, 0, 0, 0, 0, 0, 0, 0, 0, 0, 1, 3
"c:\dev\repos\ZanysoundApp\src\lib\ytdl\__AUTO_PATCHER__\__REACT_NATIVE_YTDL_CUSTOM_FILES__\lib\__REACT_NATIVE_YTDL_CUSTOM_MODULES__\m3u8stream\index.js", "JavaScript", 28, 0, 0, 0, 0, 0, 0, 0, 0, 0, 0, 0, 0, 0, 11, 2, 41
"c:\dev\repos\ZanysoundApp\src\lib\ytdl\__AUTO_PATCHER__\__REACT_NATIVE_YTDL_CUSTOM_FILES__\lib\__REACT_NATIVE_YTDL_CUSTOM_MODULES__\miniget\index.js", "JavaScript", 45, 0, 0, 0, 0, 0, 0, 0, 0, 0, 0, 0, 0, 0, 3, 11, 59
"c:\dev\repos\ZanysoundApp\src\lib\ytdl\__AUTO_PATCHER__\__REACT_NATIVE_YTDL_CUSTOM_FILES__\lib\__REACT_NATIVE_YTDL_CUSTOM_MODULES__\sax\index.js", "JavaScript", 1, 0, 0, 0, 0, 0, 0, 0, 0, 0, 0, 0, 0, 0, 0, 0, 1
"c:\dev\repos\ZanysoundApp\src\lib\ytdl\__AUTO_PATCHER__\__REACT_NATIVE_YTDL_CUSTOM_FILES__\lib\__REACT_NATIVE_YTDL_CUSTOM_MODULES__\sax\sax.js", "JavaScript", 1368, 0, 0, 0, 0, 0, 0, 0, 0, 0, 0, 0, 0, 0, 63, 131, 1562
"c:\dev\repos\ZanysoundApp\src\lib\ytdl\__AUTO_PATCHER__\__REACT_NATIVE_YTDL_CUSTOM_FILES__\lib\__REACT_NATIVE_YTDL_CUSTOM_MODULES__\timers\index.js", "JavaScript", 10, 0, 0, 0, 0, 0, 0, 0, 0, 0, 0, 0, 0, 0, 0, 3, 13
"c:\dev\repos\ZanysoundApp\src\lib\ytdl\__AUTO_PATCHER__\__REACT_NATIVE_YTDL_CUSTOM_FILES__\lib\index.js", "JavaScript", 66, 0, 0, 0, 0, 0, 0, 0, 0, 0, 0, 0, 0, 0, 12, 19, 97
"c:\dev\repos\ZanysoundApp\src\lib\ytdl\__AUTO_PATCHER__\jscodeshift_scripts\change_update_warning_transform.js", "JavaScript", 14, 0, 0, 0, 0, 0, 0, 0, 0, 0, 0, 0, 0, 0, 4, 7, 25
"c:\dev\repos\ZanysoundApp\src\lib\ytdl\__AUTO_PATCHER__\jscodeshift_scripts\use_custom_module_implementations_transform.js", "JavaScript", 27, 0, 0, 0, 0, 0, 0, 0, 0, 0, 0, 0, 0, 0, 4, 9, 40
"c:\dev\repos\ZanysoundApp\src\lib\ytdl\__AUTO_PATCHER__\shell_scripts\apply_custom_implementations_to_temp_dir.sh", "Shell Script", 0, 0, 0, 0, 0, 0, 0, 0, 0, 6, 0, 0, 0, 0, 4, 3, 13
"c:\dev\repos\ZanysoundApp\src\lib\ytdl\__AUTO_PATCHER__\shell_scripts\clean_temp_dir.sh", "Shell Script", 0, 0, 0, 0, 0, 0, 0, 0, 0, 1, 0, 0, 0, 0, 2, 2, 5
"c:\dev\repos\ZanysoundApp\src\lib\ytdl\__AUTO_PATCHER__\shell_scripts\clone_node_ytdl_core_to_temp_dir.sh", "Shell Script", 0, 0, 0, 0, 0, 0, 0, 0, 0, 16, 0, 0, 0, 0, 2, 6, 24
"c:\dev\repos\ZanysoundApp\src\lib\ytdl\__AUTO_PATCHER__\shell_scripts\copy_patches_from_temp_dir_to_project_root.sh", "Shell Script", 0, 0, 0, 0, 0, 0, 0, 0, 0, 1, 0, 0, 0, 0, 2, 1, 4
"c:\dev\repos\ZanysoundApp\src\lib\ytdl\__AUTO_PATCHER__\shell_scripts\copy_patches_from_temp_dir_to_test_app.sh", "Shell Script", 0, 0, 0, 0, 0, 0, 0, 0, 0, 1, 0, 0, 0, 0, 2, 1, 4
"c:\dev\repos\ZanysoundApp\src\lib\ytdl\index.js", "JavaScript", 2, 0, 0, 0, 0, 0, 0, 0, 0, 0, 0, 0, 0, 0, 0, 2, 4
"c:\dev\repos\ZanysoundApp\src\lib\ytdl\lib\__REACT_NATIVE_YTDL_CUSTOM_MODULES__\m3u8stream\index.js", "JavaScript", 28, 0, 0, 0, 0, 0, 0, 0, 0, 0, 0, 0, 0, 0, 11, 2, 41
"c:\dev\repos\ZanysoundApp\src\lib\ytdl\lib\__REACT_NATIVE_YTDL_CUSTOM_MODULES__\miniget\index.js", "JavaScript", 45, 0, 0, 0, 0, 0, 0, 0, 0, 0, 0, 0, 0, 0, 3, 11, 59
"c:\dev\repos\ZanysoundApp\src\lib\ytdl\lib\__REACT_NATIVE_YTDL_CUSTOM_MODULES__\sax\index.js", "JavaScript", 1, 0, 0, 0, 0, 0, 0, 0, 0, 0, 0, 0, 0, 0, 0, 0, 1
"c:\dev\repos\ZanysoundApp\src\lib\ytdl\lib\__REACT_NATIVE_YTDL_CUSTOM_MODULES__\sax\sax.js", "JavaScript", 1368, 0, 0, 0, 0, 0, 0, 0, 0, 0, 0, 0, 0, 0, 63, 131, 1562
"c:\dev\repos\ZanysoundApp\src\lib\ytdl\lib\__REACT_NATIVE_YTDL_CUSTOM_MODULES__\timers\index.js", "JavaScript", 10, 0, 0, 0, 0, 0, 0, 0, 0, 0, 0, 0, 0, 0, 0, 3, 13
"c:\dev\repos\ZanysoundApp\src\lib\ytdl\lib\__REACT_NATIVE_YTDL_CUSTOM_MODULES__\urllib\.github\workflows\node-4+.yml", "YAML", 0, 0, 0, 0, 0, 0, 0, 0, 48, 0, 0, 0, 0, 0, 0, 9, 57
"c:\dev\repos\ZanysoundApp\src\lib\ytdl\lib\__REACT_NATIVE_YTDL_CUSTOM_MODULES__\urllib\.github\workflows\node-iojs.yml", "YAML", 0, 0, 0, 0, 0, 0, 0, 0, 49, 0, 0, 0, 0, 0, 0, 10, 59
"c:\dev\repos\ZanysoundApp\src\lib\ytdl\lib\__REACT_NATIVE_YTDL_CUSTOM_MODULES__\urllib\.github\workflows\node-pretest.yml", "YAML", 0, 0, 0, 0, 0, 0, 0, 0, 24, 0, 0, 0, 0, 0, 0, 6, 30
"c:\dev\repos\ZanysoundApp\src\lib\ytdl\lib\__REACT_NATIVE_YTDL_CUSTOM_MODULES__\urllib\.github\workflows\node-zero.yml", "YAML", 0, 0, 0, 0, 0, 0, 0, 0, 54, 0, 0, 0, 0, 0, 0, 10, 64
"c:\dev\repos\ZanysoundApp\src\lib\ytdl\lib\__REACT_NATIVE_YTDL_CUSTOM_MODULES__\urllib\.github\workflows\rebase.yml", "YAML", 0, 0, 0, 0, 0, 0, 0, 0, 11, 0, 0, 0, 0, 0, 0, 5, 16
"c:\dev\repos\ZanysoundApp\src\lib\ytdl\lib\__REACT_NATIVE_YTDL_CUSTOM_MODULES__\urllib\.github\workflows\require-allow-edits.yml", "YAML", 0, 0, 0, 0, 0, 0, 0, 0, 8, 0, 0, 0, 0, 0, 0, 5, 13
"c:\dev\repos\ZanysoundApp\src\lib\ytdl\lib\__REACT_NATIVE_YTDL_CUSTOM_MODULES__\urllib\.travis.yml", "YAML", 0, 0, 0, 0, 0, 0, 0, 0, 8, 0, 0, 0, 0, 0, 0, 1, 9
"c:\dev\repos\ZanysoundApp\src\lib\ytdl\lib\__REACT_NATIVE_YTDL_CUSTOM_MODULES__\urllib\.zuul.yml", "YAML", 0, 0, 0, 0, 0, 0, 0, 0, 16, 0, 0, 0, 0, 0, 0, 1, 17
"c:\dev\repos\ZanysoundApp\src\lib\ytdl\lib\__REACT_NATIVE_YTDL_CUSTOM_MODULES__\urllib\README.md", "Markdown", 0, 0, 0, 0, 0, 0, 69, 0, 0, 0, 0, 0, 0, 0, 0, 40, 109
"c:\dev\repos\ZanysoundApp\src\lib\ytdl\lib\__REACT_NATIVE_YTDL_CUSTOM_MODULES__\urllib\package.json", "JSON", 0, 0, 39, 0, 0, 0, 0, 0, 0, 0, 0, 0, 0, 0, 0, 1, 40
"c:\dev\repos\ZanysoundApp\src\lib\ytdl\lib\__REACT_NATIVE_YTDL_CUSTOM_MODULES__\urllib\test.js", "JavaScript", 1764, 0, 0, 0, 0, 0, 0, 0, 0, 0, 0, 0, 0, 0, 165, 129, 2058
"c:\dev\repos\ZanysoundApp\src\lib\ytdl\lib\__REACT_NATIVE_YTDL_CUSTOM_MODULES__\urllib\url.js", "JavaScript", 485, 0, 0, 0, 0, 0, 0, 0, 0, 0, 0, 0, 0, 0, 209, 81, 775
"c:\dev\repos\ZanysoundApp\src\lib\ytdl\lib\__REACT_NATIVE_YTDL_CUSTOM_MODULES__\urllib\util.js", "JavaScript", 15, 0, 0, 0, 0, 0, 0, 0, 0, 0, 0, 0, 0, 0, 0, 2, 17
"c:\dev\repos\ZanysoundApp\src\lib\ytdl\lib\cache.js", "JavaScript", 52, 0, 0, 0, 0, 0, 0, 0, 0, 0, 0, 0, 0, 0, 1, 2, 55
"c:\dev\repos\ZanysoundApp\src\lib\ytdl\lib\format-utils.js", "JavaScript", 157, 0, 0, 0, 0, 0, 0, 0, 0, 0, 0, 0, 0, 0, 41, 33, 231
"c:\dev\repos\ZanysoundApp\src\lib\ytdl\lib\formats.js", "JavaScript", 446, 0, 0, 0, 0, 0, 0, 0, 0, 0, 0, 0, 0, 0, 3, 76, 525
"c:\dev\repos\ZanysoundApp\src\lib\ytdl\lib\index.js", "JavaScript", 66, 0, 0, 0, 0, 0, 0, 0, 0, 0, 0, 0, 0, 0, 12, 19, 97
"c:\dev\repos\ZanysoundApp\src\lib\ytdl\lib\info-extras.js", "JavaScript", 207, 0, 0, 0, 0, 0, 0, 0, 0, 0, 0, 0, 0, 0, 41, 20, 268
"c:\dev\repos\ZanysoundApp\src\lib\ytdl\lib\info.js", "JavaScript", 480, 0, 0, 0, 0, 0, 0, 0, 0, 0, 0, 0, 0, 0, 82, 43, 605
"c:\dev\repos\ZanysoundApp\src\lib\ytdl\lib\sig.js", "JavaScript", 166, 0, 0, 0, 0, 0, 0, 0, 0, 0, 0, 0, 0, 0, 61, 26, 253
"c:\dev\repos\ZanysoundApp\src\lib\ytdl\lib\url-utils.js", "JavaScript", 45, 0, 0, 0, 0, 0, 0, 0, 0, 0, 0, 0, 0, 0, 38, 9, 92
"c:\dev\repos\ZanysoundApp\src\lib\ytdl\lib\utils.js", "JavaScript", 95, 0, 0, 0, 0, 0, 0, 0, 0, 0, 0, 0, 0, 0, 44, 20, 159
"c:\dev\repos\ZanysoundApp\src\lib\ytdl\package-lock.json", "JSON", 0, 0, 75, 0, 0, 0, 0, 0, 0, 0, 0, 0, 0, 0, 0, 1, 76
"c:\dev\repos\ZanysoundApp\src\lib\ytdl\package.json", "JSON", 0, 0, 40, 0, 0, 0, 0, 0, 0, 0, 0, 0, 0, 0, 0, 1, 41
"c:\dev\repos\ZanysoundApp\src\lib\ytdl\react_native_ytdl_test_app\.eslintrc.js", "JavaScript", 4, 0, 0, 0, 0, 0, 0, 0, 0, 0, 0, 0, 0, 0, 0, 1, 5
"c:\dev\repos\ZanysoundApp\src\lib\ytdl\react_native_ytdl_test_app\.prettierrc.js", "JavaScript", 6, 0, 0, 0, 0, 0, 0, 0, 0, 0, 0, 0, 0, 0, 0, 1, 7
"c:\dev\repos\ZanysoundApp\src\lib\ytdl\react_native_ytdl_test_app\.watchmanconfig", "JSON", 0, 0, 1, 0, 0, 0, 0, 0, 0, 0, 0, 0, 0, 0, 0, 0, 1
"c:\dev\repos\ZanysoundApp\src\lib\ytdl\react_native_ytdl_test_app\App.js", "JavaScript", 215, 0, 0, 0, 0, 0, 0, 0, 0, 0, 0, 0, 0, 0, 24, 26, 265
"c:\dev\repos\ZanysoundApp\src\lib\ytdl\react_native_ytdl_test_app\__tests__\App-test.js", "JavaScript", 7, 0, 0, 0, 0, 0, 0, 0, 0, 0, 0, 0, 0, 0, 4, 4, 15
"c:\dev\repos\ZanysoundApp\src\lib\ytdl\react_native_ytdl_test_app\android\app\build.gradle", "Groovy", 0, 0, 0, 0, 0, 0, 0, 0, 0, 0, 92, 0, 0, 0, 111, 23, 226
"c:\dev\repos\ZanysoundApp\src\lib\ytdl\react_native_ytdl_test_app\android\app\src\debug\AndroidManifest.xml", "XML", 0, 0, 0, 6, 0, 0, 0, 0, 0, 0, 0, 0, 0, 0, 0, 3, 9
"c:\dev\repos\ZanysoundApp\src\lib\ytdl\react_native_ytdl_test_app\android\app\src\debug\java\com\react_native_ytdl_test_app\ReactNativeFlipper.java", "Java", 0, 0, 0, 0, 0, 0, 0, 0, 0, 0, 0, 0, 0, 59, 8, 6, 73
"c:\dev\repos\ZanysoundApp\src\lib\ytdl\react_native_ytdl_test_app\android\app\src\main\AndroidManifest.xml", "XML", 0, 0, 0, 24, 0, 0, 0, 0, 0, 0, 0, 0, 0, 0, 0, 4, 28
"c:\dev\repos\ZanysoundApp\src\lib\ytdl\react_native_ytdl_test_app\android\app\src\main\java\com\react_native_ytdl_test_app\MainActivity.java", "Java", 0, 0, 0, 0, 0, 0, 0, 0, 0, 0, 0, 0, 0, 8, 4, 4, 16
"c:\dev\repos\ZanysoundApp\src\lib\ytdl\react_native_ytdl_test_app\android\app\src\main\java\com\react_native_ytdl_test_app\MainApplication.java", "Java", 0, 0, 0, 0, 0, 0, 0, 0, 0, 0, 0, 0, 0, 59, 13, 9, 81
"c:\dev\repos\ZanysoundApp\src\lib\ytdl\react_native_ytdl_test_app\android\app\src\main\res\values\strings.xml", "XML", 0, 0, 0, 3, 0, 0, 0, 0, 0, 0, 0, 0, 0, 0, 0, 1, 4
"c:\dev\repos\ZanysoundApp\src\lib\ytdl\react_native_ytdl_test_app\android\app\src\main\res\values\styles.xml", "XML", 0, 0, 0, 5, 0, 0, 0, 0, 0, 0, 0, 0, 0, 0, 2, 3, 10
"c:\dev\repos\ZanysoundApp\src\lib\ytdl\react_native_ytdl_test_app\android\build.gradle", "Groovy", 0, 0, 0, 0, 0, 0, 0, 0, 0, 0, 29, 0, 0, 0, 5, 5, 39
"c:\dev\repos\ZanysoundApp\src\lib\ytdl\react_native_ytdl_test_app\android\gradle.properties", "Properties", 0, 0, 0, 0, 0, 0, 0, 0, 0, 0, 0, 3, 0, 0, 19, 7, 29
"c:\dev\repos\ZanysoundApp\src\lib\ytdl\react_native_ytdl_test_app\android\gradle\wrapper\gradle-wrapper.properties", "Properties", 0, 0, 0, 0, 0, 0, 0, 0, 0, 0, 0, 5, 0, 0, 0, 1, 6
"c:\dev\repos\ZanysoundApp\src\lib\ytdl\react_native_ytdl_test_app\android\gradlew.bat", "Batch", 0, 0, 0, 0, 0, 0, 0, 0, 0, 0, 0, 0, 76, 0, 0, 25, 101
"c:\dev\repos\ZanysoundApp\src\lib\ytdl\react_native_ytdl_test_app\android\settings.gradle", "Groovy", 0, 0, 0, 0, 0, 0, 0, 0, 0, 0, 3, 0, 0, 0, 0, 1, 4
"c:\dev\repos\ZanysoundApp\src\lib\ytdl\react_native_ytdl_test_app\app.json", "JSON", 0, 0, 4, 0, 0, 0, 0, 0, 0, 0, 0, 0, 0, 0, 0, 0, 4
"c:\dev\repos\ZanysoundApp\src\lib\ytdl\react_native_ytdl_test_app\babel.config.js", "JavaScript", 3, 0, 0, 0, 0, 0, 0, 0, 0, 0, 0, 0, 0, 0, 0, 1, 4
"c:\dev\repos\ZanysoundApp\src\lib\ytdl\react_native_ytdl_test_app\index.js", "JavaScript", 4, 0, 0, 0, 0, 0, 0, 0, 0, 0, 0, 0, 0, 0, 3, 3, 10
"c:\dev\repos\ZanysoundApp\src\lib\ytdl\react_native_ytdl_test_app\ios\react_native_ytdl_test_appTests\react_native_ytdl_test_appTests.m", "Objective-C", 0, 51, 0, 0, 0, 0, 0, 0, 0, 0, 0, 0, 0, 0, 0, 15, 66
"c:\dev\repos\ZanysoundApp\src\lib\ytdl\react_native_ytdl_test_app\ios\react_native_ytdl_test_app\AppDelegate.h", "C++", 0, 0, 0, 0, 5, 0, 0, 0, 0, 0, 0, 0, 0, 0, 0, 4, 9
"c:\dev\repos\ZanysoundApp\src\lib\ytdl\react_native_ytdl_test_app\ios\react_native_ytdl_test_app\AppDelegate.m", "Objective-C", 0, 48, 0, 0, 0, 0, 0, 0, 0, 0, 0, 0, 0, 0, 0, 11, 59
"c:\dev\repos\ZanysoundApp\src\lib\ytdl\react_native_ytdl_test_app\ios\react_native_ytdl_test_app\Base.lproj\LaunchScreen.xib", "XML", 0, 0, 0, 42, 0, 0, 0, 0, 0, 0, 0, 0, 0, 0, 0, 1, 43
"c:\dev\repos\ZanysoundApp\src\lib\ytdl\react_native_ytdl_test_app\ios\react_native_ytdl_test_app\Images.xcassets\AppIcon.appiconset\Contents.json", "JSON", 0, 0, 38, 0, 0, 0, 0, 0, 0, 0, 0, 0, 0, 0, 0, 0, 38
"c:\dev\repos\ZanysoundApp\src\lib\ytdl\react_native_ytdl_test_app\ios\react_native_ytdl_test_app\Images.xcassets\Contents.json", "JSON", 0, 0, 6, 0, 0, 0, 0, 0, 0, 0, 0, 0, 0, 0, 0, 1, 7
"c:\dev\repos\ZanysoundApp\src\lib\ytdl\react_native_ytdl_test_app\ios\react_native_ytdl_test_app\main.m", "Objective-C", 0, 7, 0, 0, 0, 0, 0, 0, 0, 0, 0, 0, 0, 0, 0, 3, 10
"c:\dev\repos\ZanysoundApp\src\lib\ytdl\react_native_ytdl_test_app\metro.config.js", "JavaScript", 10, 0, 0, 0, 0, 0, 0, 0, 0, 0, 0, 0, 0, 0, 6, 2, 18
"c:\dev\repos\ZanysoundApp\src\lib\ytdl\react_native_ytdl_test_app\package-lock.json", "JSON", 0, 0, 9783, 0, 0, 0, 0, 0, 0, 0, 0, 0, 0, 0, 0, 1, 9784
"c:\dev\repos\ZanysoundApp\src\lib\ytdl\react_native_ytdl_test_app\package.json", "JSON", 0, 0, 31, 0, 0, 0, 0, 0, 0, 0, 0, 0, 0, 0, 0, 1, 32
"c:\dev\repos\ZanysoundApp\src\misc\DataContainer.js", "JavaScript", 9, 0, 0, 0, 0, 0, 0, 0, 0, 0, 0, 0, 0, 0, 0, 3, 12
"c:\dev\repos\ZanysoundApp\src\misc\EventSystem.js", "JavaScript", 26, 0, 0, 0, 0, 0, 0, 0, 0, 0, 0, 0, 0, 0, 0, 8, 34
"c:\dev\repos\ZanysoundApp\src\misc\ExtendedEvent.js", "JavaScript", 38, 0, 0, 0, 0, 0, 0, 0, 0, 0, 0, 0, 0, 0, 0, 9, 47
"c:\dev\repos\ZanysoundApp\src\misc\ModalWindowSystemRef.js", "JavaScript", 2, 0, 0, 0, 0, 0, 0, 0, 0, 0, 0, 0, 0, 0, 0, 2, 4
"c:\dev\repos\ZanysoundApp\src\misc\Player.js", "JavaScript", 395, 0, 0, 0, 0, 0, 0, 0, 0, 0, 0, 0, 0, 0, 22, 72, 489
"c:\dev\repos\ZanysoundApp\src\misc\PlayerPlaybackListener.js", "JavaScript", 30, 0, 0, 0, 0, 0, 0, 0, 0, 0, 0, 0, 0, 0, 0, 11, 41
"c:\dev\repos\ZanysoundApp\src\misc\PlayerPlaylist.js", "JavaScript", 144, 0, 0, 0, 0, 0, 0, 0, 0, 0, 0, 0, 0, 0, 5, 27, 176
"c:\dev\repos\ZanysoundApp\src\misc\PlayerTest.js", "JavaScript", 7, 0, 0, 0, 0, 0, 0, 0, 0, 0, 0, 0, 0, 0, 3, 4, 14
"c:\dev\repos\ZanysoundApp\src\misc\RootNavigation.js", "JavaScript", 11, 0, 0, 0, 0, 0, 0, 0, 0, 0, 0, 0, 0, 0, 0, 4, 15
"c:\dev\repos\ZanysoundApp\src\misc\snapshotIds.js", "JavaScript", 11, 0, 0, 0, 0, 0, 0, 0, 0, 0, 0, 0, 0, 0, 0, 3, 14
"c:\dev\repos\ZanysoundApp\src\misc\style.js", "JavaScript", 2, 0, 0, 0, 0, 0, 0, 0, 0, 0, 0, 0, 0, 0, 0, 1, 3
"c:\dev\repos\ZanysoundApp\src\models\ActionResult.js", "JavaScript", 13, 0, 0, 0, 0, 0, 0, 0, 0, 0, 0, 0, 0, 0, 0, 4, 17
"c:\dev\repos\ZanysoundApp\src\models\AlbumShortInfo.js", "JavaScript", 55, 0, 0, 0, 0, 0, 0, 0, 0, 0, 0, 0, 0, 0, 0, 6, 61
"c:\dev\repos\ZanysoundApp\src\models\ArtistShortInfo.js", "JavaScript", 19, 0, 0, 0, 0, 0, 0, 0, 0, 0, 0, 0, 0, 0, 0, 5, 24
"c:\dev\repos\ZanysoundApp\src\models\NotificationInfo.js", "JavaScript", 56, 0, 0, 0, 0, 0, 0, 0, 0, 0, 0, 0, 0, 0, 0, 13, 69
"c:\dev\repos\ZanysoundApp\src\models\PlaylistShortInfo.js", "JavaScript", 22, 0, 0, 0, 0, 0, 0, 0, 0, 0, 0, 0, 0, 0, 0, 4, 26
"c:\dev\repos\ZanysoundApp\src\models\SongModel.js", "JavaScript", 115, 0, 0, 0, 0, 0, 0, 0, 0, 0, 0, 0, 0, 0, 0, 18, 133
"c:\dev\repos\ZanysoundApp\src\models\TrackMp3.js", "JavaScript", 13, 0, 0, 0, 0, 0, 0, 0, 0, 0, 0, 0, 0, 0, 0, 3, 16
"c:\dev\repos\ZanysoundApp\src\models\UserModel.js", "JavaScript", 27, 0, 0, 0, 0, 0, 0, 0, 0, 0, 0, 0, 0, 0, 0, 5, 32
"c:\dev\repos\ZanysoundApp\src\storage\AsyncStorage.js", "JavaScript", 11, 0, 0, 0, 0, 0, 0, 0, 0, 0, 0, 0, 0, 0, 10, 7, 28
"c:\dev\repos\ZanysoundApp\src\styles\color.js", "JavaScript", 19, 0, 0, 0, 0, 0, 0, 0, 0, 0, 0, 0, 0, 0, 7, 4, 30
"c:\dev\repos\ZanysoundApp\src\styles\index.js", "JavaScript", 4, 0, 0, 0, 0, 0, 0, 0, 0, 0, 0, 0, 0, 0, 0, 2, 6
"c:\dev\repos\ZanysoundApp\src\styles\size.js", "JavaScript", 12, 0, 0, 0, 0, 0, 0, 0, 0, 0, 0, 0, 0, 0, 7, 3, 22
"c:\dev\repos\ZanysoundApp\src\styles\zIndexes.js", "JavaScript", 14, 0, 0, 0, 0, 0, 0, 0, 0, 0, 0, 0, 0, 0, 0, 2, 16
"c:\dev\repos\ZanysoundApp\src\utils\api\SRHApiUtils.js", "JavaScript", 39, 0, 0, 0, 0, 0, 0, 0, 0, 0, 0, 0, 0, 0, 0, 7, 46
"c:\dev\repos\ZanysoundApp\src\utils\api\apiUtils.js", "JavaScript", 9, 0, 0, 0, 0, 0, 0, 0, 0, 0, 0, 0, 0, 0, 1, 4, 14
"c:\dev\repos\ZanysoundApp\src\utils\api\audioApiUtils.js", "JavaScript", 8, 0, 0, 0, 0, 0, 0, 0, 0, 0, 0, 0, 0, 0, 0, 3, 11
"c:\dev\repos\ZanysoundApp\src\utils\api\authApiUtils.js", "JavaScript", 6, 0, 0, 0, 0, 0, 0, 0, 0, 0, 0, 0, 0, 0, 0, 3, 9
"c:\dev\repos\ZanysoundApp\src\utils\api\deezerApiUtils.js", "JavaScript", 109, 0, 0, 0, 0, 0, 0, 0, 0, 0, 0, 0, 0, 0, 0, 19, 128
"c:\dev\repos\ZanysoundApp\src\utils\api\playlistApiUtils.js", "JavaScript", 61, 0, 0, 0, 0, 0, 0, 0, 0, 0, 0, 0, 0, 0, 0, 10, 71
"c:\dev\repos\ZanysoundApp\src\utils\api\songApiUtils.js", "JavaScript", 29, 0, 0, 0, 0, 0, 0, 0, 0, 0, 0, 0, 0, 0, 3, 8, 40
"c:\dev\repos\ZanysoundApp\src\utils\api\userApiUtils.js", "JavaScript", 14, 0, 0, 0, 0, 0, 0, 0, 0, 0, 0, 0, 0, 0, 0, 5, 19
"c:\dev\repos\ZanysoundApp\src\utils\arrayUtils.js", "JavaScript", 46, 0, 0, 0, 0, 0, 0, 0, 0, 0, 0, 0, 0, 0, 0, 8, 54
"c:\dev\repos\ZanysoundApp\src\utils\browserUtils.js", "JavaScript", 31, 0, 0, 0, 0, 0, 0, 0, 0, 0, 0, 0, 0, 0, 0, 2, 33
"c:\dev\repos\ZanysoundApp\src\utils\deviceUtils.js", "JavaScript", 17, 0, 0, 0, 0, 0, 0, 0, 0, 0, 0, 0, 0, 0, 0, 3, 20
"c:\dev\repos\ZanysoundApp\src\utils\domUtils.js", "JavaScript", 11, 0, 0, 0, 0, 0, 0, 0, 0, 0, 0, 0, 0, 0, 0, 4, 15
"c:\dev\repos\ZanysoundApp\src\utils\downloadUtils.js", "JavaScript", 23, 0, 0, 0, 0, 0, 0, 0, 0, 0, 0, 0, 0, 0, 0, 4, 27
"c:\dev\repos\ZanysoundApp\src\utils\eventUtils.js", "JavaScript", 10, 0, 0, 0, 0, 0, 0, 0, 0, 0, 0, 0, 0, 0, 0, 4, 14
"c:\dev\repos\ZanysoundApp\src\utils\historyUtils.js", "JavaScript", 0, 0, 0, 0, 0, 0, 0, 0, 0, 0, 0, 0, 0, 0, 0, 1, 1
"c:\dev\repos\ZanysoundApp\src\utils\idUtils.js", "JavaScript", 6, 0, 0, 0, 0, 0, 0, 0, 0, 0, 0, 0, 0, 0, 0, 2, 8
"c:\dev\repos\ZanysoundApp\src\utils\mathUtils.js", "JavaScript", 7, 0, 0, 0, 0, 0, 0, 0, 0, 0, 0, 0, 0, 0, 0, 3, 10
"c:\dev\repos\ZanysoundApp\src\utils\navigationUtils.js", "JavaScript", 8, 0, 0, 0, 0, 0, 0, 0, 0, 0, 0, 0, 0, 0, 0, 4, 12
"c:\dev\repos\ZanysoundApp\src\utils\notificationUtils.jsx", "JavaScript React", 0, 0, 0, 0, 0, 11, 0, 0, 0, 0, 0, 0, 0, 0, 0, 3, 14
"c:\dev\repos\ZanysoundApp\src\utils\numberUtils.js", "JavaScript", 6, 0, 0, 0, 0, 0, 0, 0, 0, 0, 0, 0, 0, 0, 0, 2, 8
"c:\dev\repos\ZanysoundApp\src\utils\routeUtils.js", "JavaScript", 21, 0, 0, 0, 0, 0, 0, 0, 0, 0, 0, 0, 0, 0, 0, 4, 25
"c:\dev\repos\ZanysoundApp\src\utils\scrollUtils.js", "JavaScript", 4, 0, 0, 0, 0, 0, 0, 0, 0, 0, 0, 0, 0, 0, 4, 3, 11
"c:\dev\repos\ZanysoundApp\src\utils\songRequestsUtils.js", "JavaScript", 18, 0, 0, 0, 0, 0, 0, 0, 0, 0, 0, 0, 0, 0, 0, 5, 23
"c:\dev\repos\ZanysoundApp\src\utils\songUtils.js", "JavaScript", 13, 0, 0, 0, 0, 0, 0, 0, 0, 0, 0, 0, 0, 0, 0, 3, 16
"c:\dev\repos\ZanysoundApp\src\utils\stringUtils.js", "JavaScript", 24, 0, 0, 0, 0, 0, 0, 0, 0, 0, 0, 0, 0, 0, 1, 4, 29
"c:\dev\repos\ZanysoundApp\src\utils\styleUtils.js", "JavaScript", 0, 0, 0, 0, 0, 0, 0, 0, 0, 0, 0, 0, 0, 0, 0, 1, 1
"c:\dev\repos\ZanysoundApp\src\utils\timeUtils.js", "JavaScript", 72, 0, 0, 0, 0, 0, 0, 0, 0, 0, 0, 0, 0, 0, 0, 20, 92
"c:\dev\repos\ZanysoundApp\src\utils\toastUtils.js", "JavaScript", 46, 0, 0, 0, 0, 0, 0, 0, 0, 0, 0, 0, 0, 0, 0, 8, 54
"c:\dev\repos\ZanysoundApp\src\utils\urlUtils.js", "JavaScript", 54, 0, 0, 0, 0, 0, 0, 0, 0, 0, 0, 0, 0, 0, 8, 13, 75
"c:\dev\repos\ZanysoundApp\src\utils\youtubeUtils.js", "JavaScript", 22, 0, 0, 0, 0, 0, 0, 0, 0, 0, 0, 0, 0, 0, 2, 7, 31
"c:\dev\repos\ZanysoundApp\track-player.json", "JSON", 0, 0, 5, 0, 0, 0, 0, 0, 0, 0, 0, 0, 0, 0, 0, 1, 6
"Total", "-", 14413, 212, 209099, 52419, 10, 11, 291, 19042, 46468, 25, 250, 16, 154, 259, 1548, 11612, 355829